{"cameraMode":{"drawMode":0,"name":"Shaded","section":"Shading Mode"},"sceneLighting":true,"audioPlay":false,"sceneViewState":{"showFog":true,"showMaterialUpdate":false,"showSkybox":true,"showFlares":true,"showImageEffects":true,"showParticleSystems":true},"in2DMode":false,"pivot":{"x":1.7345247268676758,"y":3.77805495262146,"z":5.2486796379089359},"rotation":{"x":-0.03068913146853447,"y":0.9664813280105591,"z":-0.138663649559021,"w":-0.21389777958393098},"size":1.5708576440811158,"orthographic":true}