{"cameraMode":{"drawMode":0,"name":"Shaded","section":"Shading Mode"},"sceneLighting":true,"audioPlay":false,"sceneViewState":{"showFog":true,"showMaterialUpdate":false,"showSkybox":true,"showFlares":true,"showImageEffects":true,"showParticleSystems":true},"in2DMode":false,"pivot":{"x":-0.1480056196451187,"y":1.9157798290252686,"z":5.412045478820801},"rotation":{"x":-0.00020245739142410457,"y":0.9991101026535034,"z":-0.041987624019384387,"w":-0.004800986032932997},"size":587.9041748046875,"orthographic":true}